{
  "hash": "0f3bbd6d",
  "configHash": "1bd3c903",
  "lockfileHash": "7d15ffb9",
  "browserHash": "82fe5fb2",
  "optimized": {
    "@angular/core": {
      "src": "../../../../../../node_modules/@angular/core/fesm2022/core.mjs",
      "file": "@angular_core.js",
      "fileHash": "b9d36ece",
      "needsInterop": false
    },
    "@angular/platform-browser": {
      "src": "../../../../../../node_modules/@angular/platform-browser/fesm2022/platform-browser.mjs",
      "file": "@angular_platform-browser.js",
      "fileHash": "f88c5459",
      "needsInterop": false
    },
    "@angular/router": {
      "src": "../../../../../../node_modules/@angular/router/fesm2022/router.mjs",
      "file": "@angular_router.js",
      "fileHash": "4c7fd49a",
      "needsInterop": false
    },
    "@ng-bootstrap/ng-bootstrap": {
      "src": "../../../../../../node_modules/@ng-bootstrap/ng-bootstrap/fesm2022/ng-bootstrap.mjs",
      "file": "@ng-bootstrap_ng-bootstrap.js",
      "fileHash": "bcaaaf1a",
      "needsInterop": false
    }
  },
  "chunks": {
    "chunk-FLOQP4ZZ": {
      "file": "chunk-FLOQP4ZZ.js"
    },
    "chunk-ACLJZAMF": {
      "file": "chunk-ACLJZAMF.js"
    },
    "chunk-POGNINR2": {
      "file": "chunk-POGNINR2.js"
    }
  }
}